,feature0,feature1,feature2,feature3,feature4,feature5,feature6,feature7,feature8,feature9,feature10,feature11,feature12,feature13,feature14,feature15
limite_inferior,-1300.0,-14.0,-3086.9474999999993,-135.67250000000038,-1872.6600000000003,-1.0345659810179808,-3295.0,-0.015069530984120802,-7.716400049477438,-762449.5,-13799.047499999997,-0.9645000724327372,-201.41499999999996,-0.02779871108570235,-384.13750000000005,-24.0
limite_superior,1850.0,21.0,4115.929999999999,179.92250000000047,1316.295,1.7838951103023764,4763.75,0.02782133954903215,10.288533399303251,1069630.75,19359.672499999997,1.2860000965769829,268.5533333333333,0.0370649481142698,512.1833333333334,32.0
